storeID,Market_Name
200059,PHILADELPHIA
200197,PEORIA/SPRINGFLD.
200272,LOS ANGELES
200297,"PORTLAND,OR"
200341,SAN DIEGO
200379,SOUTH CAROLINA
200391,HARTFORD
200411,NEW YORK
200439,WEST TEX/NEW MEX
200485,OKLAHOMA CITY
200488,BOSTON
200489,HOUSTON
200499,OKLAHOMA CITY
200501,SAN FRANCISCO
200553,LOS ANGELES
200575,SAN DIEGO
200610,MILWAUKEE
200612,OKLAHOMA CITY
200633,BOSTON
200635,SALT LAKE CITY
200655,LOS ANGELES
202312,OMAHA
202738,RICHMOND/NORFOLK
202785,RICHMOND/NORFOLK
203001,NEW YORK
203010,RICHMOND/NORFOLK
203563,ROANOKE
203615,HARTFORD
203648,BOSTON
204148,RALEIGH/DURHAM
204307,SOUTH CAROLINA
204353,RALEIGH/DURHAM
204354,PHILADELPHIA
204455,BOSTON
204466,NEW YORK
204544,SYRACUSE
204594,NEW YORK
204597,CHARLOTTE
204828,RICHMOND/NORFOLK
204933,PHILADELPHIA
205066,BOSTON
205230,PHILADELPHIA
205272,"NEW ORLEANS, LA"
205282,SPOKANE
205395,SPOKANE
205512,BOSTON
205999,MISSISSIPPI
206005,HOUSTON
206401,PHILADELPHIA
206587,NEW ENGLAND
207291,ROANOKE
208759,KNOXVILLE
208980,"NEW ORLEANS, LA"
209126,CHARLOTTE
209989,SOUTH CAROLINA
210580,NEW YORK
210830,SYRACUSE
211124,NEW YORK
211301,NEW ENGLAND
211303,NEW ENGLAND
211420,NEW YORK
211926,MISSISSIPPI
211977,HARRISBURG/SCRANT
212482,KNOXVILLE
212957,ROANOKE
213133,PHILADELPHIA
213235,SOUTH CAROLINA
213290,PITTSFIELD
214045,SPOKANE
214088,SPOKANE
214465,SYRACUSE
214709,MILWAUKEE
214734,SOUTH CAROLINA
214765,ROANOKE
214869,CHARLOTTE
215555,RALEIGH/DURHAM
216202,WEST TEX/NEW MEX
216902,RALEIGH/DURHAM
217529,HARRISBURG/SCRANT
217683,"WASHINGTON, DC"
217781,SOUTH CAROLINA
217804,HARRISBURG/SCRANT
218164,SOUTH CAROLINA
218312,NEW ENGLAND
218385,NEW YORK
218539,NEW YORK
218548,ROANOKE
219209,NEW YORK
219231,NEW YORK
219243,NEW ENGLAND
219387,NEW ENGLAND
219541,ROANOKE
219646,NEW YORK
219777,NEW ENGLAND
219825,NEW YORK
219851,PHILADELPHIA
219926,BOSTON
220159,PHILADELPHIA
220476,NEW ENGLAND
220539,NEW YORK
220589,BOSTON
220645,HARTFORD
220649,HARTFORD
220679,NEW YORK
220689,NEW YORK
220690,SYRACUSE
220714,NEW YORK
220750,BOSTON
221619,BUFFALO/ROCHESTER
221658,RICHMOND/NORFOLK
221762,SOUTH CAROLINA
222077,NEW YORK
222124,NEW ENGLAND
222290,RICHMOND/NORFOLK
222320,PHILADELPHIA
222477,ROANOKE
222562,HARRISBURG/SCRANT
222577,NEW ENGLAND
222685,PHILADELPHIA
222797,HARRISBURG/SCRANT
223084,NEW YORK
223199,NEW ENGLAND
223294,ROANOKE
223450,"NEW ORLEANS, LA"
223660,SEATTLE/TACOMA
223759,HARRISBURG/SCRANT
223773,ROANOKE
223807,NEW YORK
223970,SPOKANE
223999,SPOKANE
224116,NEW ENGLAND
224164,HARRISBURG/SCRANT
224189,PHILADELPHIA
224208,CHARLOTTE
224218,NEW YORK
224312,KNOXVILLE
224392,NEW YORK
224457,SAN FRANCISCO
224484,WEST TEX/NEW MEX
224496,BUFFALO/ROCHESTER
224546,SOUTH CAROLINA
225023,GRAND RAPIDS
225411,"WASHINGTON, DC"
225530,NEW ENGLAND
225757,NEW ENGLAND
225963,MINNEAPOLIS/ST. PAUL
225999,LOS ANGELES
226079,BUFFALO/ROCHESTER
226158,RICHMOND/NORFOLK
226160,LOS ANGELES
226361,SACRAMENTO
226501,LOS ANGELES
226597,"WASHINGTON, DC"
226623,SEATTLE/TACOMA
226665,HOUSTON
226686,PHILADELPHIA
226898,TOLEDO
226918,"DALLAS, TX"
227070,SOUTH CAROLINA
227099,LOS ANGELES
227138,"DALLAS, TX"
227169,WEST TEX/NEW MEX
227522,WEST TEX/NEW MEX
227587,SAN DIEGO
227598,MINNEAPOLIS/ST. PAUL
227600,SEATTLE/TACOMA
227670,RALEIGH/DURHAM
227725,LOS ANGELES
227852,SOUTH CAROLINA
228037,EAU CLAIRE
228058,ST. LOUIS
228078,KNOXVILLE
228137,"WASHINGTON, DC"
228167,LOS ANGELES
228194,SACRAMENTO
228282,BIRMINGHAM/MONTG.
228444,LOS ANGELES
228460,INDIANAPOLIS
228676,"DALLAS, TX"
228694,LOS ANGELES
228745,CHARLOTTE
228820,LOS ANGELES
228994,"DALLAS, TX"
229054,"PHOENIX, AZ"
229089,NEW YORK
229217,BOSTON
229339,RICHMOND/NORFOLK
229547,LOS ANGELES
229559,"WASHINGTON, DC"
229757,LOS ANGELES
229782,"DALLAS, TX"
229818,TOLEDO
229875,LOS ANGELES
230104,BUFFALO/ROCHESTER
230142,MINNEAPOLIS/ST. PAUL
230183,SOUTH CAROLINA
230217,INDIANAPOLIS
230275,RALEIGH/DURHAM
230491,HOUSTON
230514,RALEIGH/DURHAM
230557,LOS ANGELES
230628,RALEIGH/DURHAM
230629,LOS ANGELES
230828,"DALLAS, TX"
231063,"PORTLAND,OR"
231251,GRAND RAPIDS
231293,SEATTLE/TACOMA
231321,SYRACUSE
231375,NEW YORK
231405,CHARLOTTE
231533,LOS ANGELES
231584,"WASHINGTON, DC"
231588,SEATTLE/TACOMA
231813,PHILADELPHIA
231876,LOS ANGELES
231888,SAN DIEGO
231891,SOUTH CAROLINA
231963,LOS ANGELES
232175,SAN FRANCISCO
232178,LOS ANGELES
232271,OKLAHOMA CITY
232473,LOS ANGELES
232633,ST. LOUIS
232733,"PORTLAND,OR"
232898,LOS ANGELES
233072,NEW YORK
233096,LOS ANGELES
233234,KANSAS CITY
233246,ST. LOUIS
233411,CHARLOTTE
233557,GRAND RAPIDS
233606,"WASHINGTON, DC"
233708,SEATTLE/TACOMA
233779,EAU CLAIRE
233911,"PORTLAND,OR"
233981,"DALLAS, TX"
234140,PITTSFIELD
234212,CHICAGO
234250,NEW YORK
234337,SOUTH CAROLINA
234341,ROANOKE
234598,KANSAS CITY
234616,LOS ANGELES
234673,CHARLOTTE
234702,PHILADELPHIA
234724,"PHOENIX, AZ"
234759,"WASHINGTON, DC"
235029,LOS ANGELES
235111,NEW YORK
235190,LOS ANGELES
235225,"WASHINGTON, DC"
235442,NEW YORK
235527,GREEN BAY
235735,CHARLOTTE
235751,LOS ANGELES
235758,RICHMOND/NORFOLK
235795,HARRISBURG/SCRANT
235834,CLEVELAND
235968,LOS ANGELES
236068,SEATTLE/TACOMA
236100,WEST TEX/NEW MEX
236117,SAN FRANCISCO
236217,LOS ANGELES
236335,BOSTON
236396,BOSTON
236423,RICHMOND/NORFOLK
236485,CHICAGO
236490,"TULSA,OK"
236729,KANSAS CITY
236778,"WASHINGTON, DC"
236806,PHILADELPHIA
236824,HARRISBURG/SCRANT
236876,BOSTON
237082,SOUTH CAROLINA
237107,SALT LAKE CITY
237277,ST. LOUIS
237281,SAN FRANCISCO
237350,SAN DIEGO
237354,WEST TEX/NEW MEX
237355,NEW YORK
237476,SEATTLE/TACOMA
237573,GREEN BAY
237670,"PHOENIX, AZ"
237824,SAN FRANCISCO
237861,CHARLOTTE
237976,"PROVIDENCE,RI"
238131,SAN FRANCISCO
238254,RICHMOND/NORFOLK
238447,"DALLAS, TX"
238476,TOLEDO
238482,PHILADELPHIA
238621,"DALLAS, TX"
238693,RICHMOND/NORFOLK
238732,PEORIA/SPRINGFLD.
238751,SEATTLE/TACOMA
238896,HOUSTON
238945,HARTFORD
239009,LOS ANGELES
239012,"WASHINGTON, DC"
239014,CLEVELAND
239035,PHILADELPHIA
239121,TOLEDO
239189,GRAND RAPIDS
239248,SOUTH CAROLINA
239571,HOUSTON
239590,LOS ANGELES
239593,INDIANAPOLIS
239622,SAN DIEGO
239682,LOS ANGELES
239849,"PHOENIX, AZ"
239919,"PORTLAND,OR"
239927,BUFFALO/ROCHESTER
239992,BUFFALO/ROCHESTER
240008,HOUSTON
240028,NEW ENGLAND
240093,"PORTLAND,OR"
240179,SOUTH CAROLINA
240219,SEATTLE/TACOMA
240255,NEW YORK
240415,RALEIGH/DURHAM
240519,"PROVIDENCE,RI"
240692,DES MOINES
240713,PEORIA/SPRINGFLD.
240824,NEW YORK
241158,SEATTLE/TACOMA
241220,LOS ANGELES
241260,NEW YORK
241370,ROANOKE
241516,GRAND RAPIDS
241553,RICHMOND/NORFOLK
241565,ST. LOUIS
241858,NEW YORK
241931,LOS ANGELES
241965,SEATTLE/TACOMA
241974,SYRACUSE
241977,BOSTON
241981,NEW YORK
241995,SEATTLE/TACOMA
242020,SAN FRANCISCO
242061,NEW YORK
242349,SEATTLE/TACOMA
242427,SAN DIEGO
242435,SACRAMENTO
242493,GRAND RAPIDS
242546,ATLANTA
242564,HARRISBURG/SCRANT
242809,SPOKANE
242841,"PORTLAND,OR"
242965,SOUTH CAROLINA
243176,SAN FRANCISCO
243338,SOUTH CAROLINA
243368,SACRAMENTO
243388,MINNEAPOLIS/ST. PAUL
243398,LOS ANGELES
243400,HOUSTON
243514,"PORTLAND,OR"
243575,NEW YORK
243628,DETROIT
243785,ATLANTA
243941,SAN DIEGO
244019,SEATTLE/TACOMA
244027,OMAHA
244092,"PROVIDENCE,RI"
244228,"PHOENIX, AZ"
244327,LOS ANGELES
244343,OKLAHOMA CITY
244371,LOS ANGELES
244606,"WASHINGTON, DC"
244708,CHARLOTTE
244770,PHILADELPHIA
244822,"PHOENIX, AZ"
244881,MISSISSIPPI
244941,LOS ANGELES
245013,ROANOKE
245116,LOS ANGELES
245443,"PORTLAND,OR"
245532,INDIANAPOLIS
245563,CHARLOTTE
245593,GREEN BAY
245651,"PORTLAND,OR"
245677,HARTFORD
245747,LOS ANGELES
245748,GRAND RAPIDS
245778,SEATTLE/TACOMA
245783,KANSAS CITY
245894,PHILADELPHIA
246253,NEW YORK
246266,NEW YORK
246285,BOSTON
246389,ST. LOUIS
246406,BOSTON
246412,LOS ANGELES
246474,GREEN BAY
246859,"PORTLAND,OR"
246898,ROANOKE
247159,HARTFORD
247176,HARTFORD
247300,LOS ANGELES
247301,GRAND RAPIDS
247368,PEORIA/SPRINGFLD.
247440,DETROIT
247479,DES MOINES
247515,LOS ANGELES
247743,PEORIA/SPRINGFLD.
247795,CLEVELAND
247832,SAN FRANCISCO
247916,SOUTH CAROLINA
247923,HOUSTON
247966,WEST TEX/NEW MEX
248104,HOUSTON
248128,PITTSFIELD
248159,RALEIGH/DURHAM
248366,SACRAMENTO
248393,NEW YORK
248504,BIRMINGHAM/MONTG.
248663,CHICAGO
248741,MISSISSIPPI
248960,DETROIT
249047,GREEN BAY
249366,SEATTLE/TACOMA
249385,LOS ANGELES
249409,"PHOENIX, AZ"
249722,SEATTLE/TACOMA
249736,CHICAGO
249779,RALEIGH/DURHAM
250052,BOSTON
250094,ATLANTA
250379,SEATTLE/TACOMA
250381,ATLANTA
250423,KANSAS CITY
250517,CHARLOTTE
250584,SEATTLE/TACOMA
250631,HARTFORD
250710,RICHMOND/NORFOLK
250719,BIRMINGHAM/MONTG.
250725,PHILADELPHIA
250872,NEW ENGLAND
251057,"DALLAS, TX"
251069,TOLEDO
251132,NEW YORK
251185,KNOXVILLE
251254,HARTFORD
251374,PHILADELPHIA
251434,"DALLAS, TX"
251549,NEW YORK
251550,MILWAUKEE
251559,LOS ANGELES
251674,SAN FRANCISCO
251764,SEATTLE/TACOMA
251906,HARTFORD
251986,MILWAUKEE
252120,WEST TEX/NEW MEX
252139,BUFFALO/ROCHESTER
252147,TOLEDO
252150,"DALLAS, TX"
252154,WEST TEX/NEW MEX
252570,ST. LOUIS
252943,GRAND RAPIDS
253040,BIRMINGHAM/MONTG.
253139,DETROIT
253179,NEW YORK
253546,HOUSTON
253599,BUFFALO/ROCHESTER
253713,WEST TEX/NEW MEX
253936,"DALLAS, TX"
254904,NEW ENGLAND
254990,KANSAS CITY
255020,SAN DIEGO
255381,NEW YORK
255452,PHILADELPHIA
255503,NEW YORK
255601,LOS ANGELES
255655,BOSTON
256021,LOS ANGELES
256078,ST. LOUIS
256200,"PORTLAND,OR"
256370,NEW ENGLAND
256420,INDIANAPOLIS
256423,CHICAGO
256432,SEATTLE/TACOMA
256582,"DALLAS, TX"
256650,LOS ANGELES
256951,NEW YORK
257002,SEATTLE/TACOMA
257100,DETROIT
257135,LOS ANGELES
257337,SAN DIEGO
257372,HARTFORD
257407,NEW YORK
257557,NEW YORK
257658,PEORIA/SPRINGFLD.
257871,EAU CLAIRE
257936,KANSAS CITY
257997,BIRMINGHAM/MONTG.
258162,GRAND RAPIDS
258246,NEW YORK
258282,NEW ENGLAND
258421,SEATTLE/TACOMA
258445,"PORTLAND,OR"
258601,INDIANAPOLIS
258606,CLEVELAND
258871,HARRISBURG/SCRANT
258933,RICHMOND/NORFOLK
258988,SEATTLE/TACOMA
259016,BOSTON
259111,PITTSFIELD
259137,SOUTH CAROLINA
259171,RICHMOND/NORFOLK
259200,SEATTLE/TACOMA
259335,RALEIGH/DURHAM
259476,KNOXVILLE
259499,"PHOENIX, AZ"
259543,NEW ENGLAND
259661,LOS ANGELES
259857,RALEIGH/DURHAM
260160,NEW YORK
260243,ATLANTA
260288,INDIANAPOLIS
260554,RALEIGH/DURHAM
260727,HOUSTON
260790,NEW YORK
260934,"PHOENIX, AZ"
261623,HARTFORD
261658,WEST TEX/NEW MEX
261694,BOSTON
261782,INDIANAPOLIS
261919,PHILADELPHIA
261995,SEATTLE/TACOMA
262061,"TULSA,OK"
262295,"PHOENIX, AZ"
262313,"PHOENIX, AZ"
262430,DETROIT
262433,CHICAGO
262563,SEATTLE/TACOMA
262684,ST. LOUIS
262702,CHARLOTTE
262785,SAN FRANCISCO
262847,SAN FRANCISCO
262860,BUFFALO/ROCHESTER
263066,"PHOENIX, AZ"
263245,RALEIGH/DURHAM
263500,CHICAGO
263568,ATLANTA
263584,SYRACUSE
264075,EAU CLAIRE
264108,SOUTH CAROLINA
264167,"PHOENIX, AZ"
264203,SYRACUSE
264242,BOSTON
264272,RICHMOND/NORFOLK
264275,LOS ANGELES
264306,SAN FRANCISCO
264320,"WASHINGTON, DC"
264370,HOUSTON
264413,CHICAGO
264429,DETROIT
264441,BIRMINGHAM/MONTG.
264500,LOS ANGELES
264580,"PORTLAND,OR"
264603,DETROIT
264605,"PHOENIX, AZ"
264789,SOUTH CAROLINA
264965,DES MOINES
265018,CLEVELAND
265444,BOSTON
265550,MINNEAPOLIS/ST. PAUL
265695,RICHMOND/NORFOLK
265775,RALEIGH/DURHAM
266082,HARRISBURG/SCRANT
266100,ATLANTA
266104,"DALLAS, TX"
266131,INDIANAPOLIS
266235,"DALLAS, TX"
266316,"DALLAS, TX"
266359,SAN FRANCISCO
266477,BUFFALO/ROCHESTER
266481,DETROIT
266489,HOUSTON
266596,PITTSFIELD
266622,NEW YORK
266729,INDIANAPOLIS
266793,"WASHINGTON, DC"
266821,KANSAS CITY
266824,NEW YORK
266926,"PORTLAND,OR"
267141,BOSTON
267192,DETROIT
267235,HOUSTON
267369,NEW YORK
267403,LOS ANGELES
267475,SEATTLE/TACOMA
267552,SACRAMENTO
267651,"DALLAS, TX"
267699,BUFFALO/ROCHESTER
267729,"WASHINGTON, DC"
267766,SEATTLE/TACOMA
268029,SYRACUSE
268052,ROANOKE
268221,NEW ENGLAND
268307,HARTFORD
268331,"WASHINGTON, DC"
268335,NEW YORK
268377,PHILADELPHIA
268401,"WASHINGTON, DC"
268492,BOSTON
268591,LOS ANGELES
268634,SACRAMENTO
269039,"PHOENIX, AZ"
269242,LOS ANGELES
269307,NEW YORK
269342,KANSAS CITY
269752,HARRISBURG/SCRANT
269759,HARTFORD
269805,CHARLOTTE
269824,SAN FRANCISCO
269827,SALT LAKE CITY
269838,"PORTLAND,OR"
269986,SOUTH CAROLINA
270136,"DALLAS, TX"
270265,MILWAUKEE
270348,NEW ENGLAND
270612,DETROIT
270652,HARTFORD
270862,ST. LOUIS
270879,PHILADELPHIA
271053,CHICAGO
271064,SAN DIEGO
271172,NEW YORK
271202,BUFFALO/ROCHESTER
271290,SALT LAKE CITY
271395,BOSTON
271486,OKLAHOMA CITY
271762,DES MOINES
271774,RICHMOND/NORFOLK
271803,HOUSTON
271861,PHILADELPHIA
271865,DETROIT
271940,SEATTLE/TACOMA
271962,NEW YORK
272043,MISSISSIPPI
272110,SAN DIEGO
272133,KNOXVILLE
272154,"PHOENIX, AZ"
272172,SYRACUSE
272195,SOUTH CAROLINA
272232,CHARLOTTE
272291,SYRACUSE
272353,LOS ANGELES
272619,"PORTLAND,OR"
272725,SAN FRANCISCO
272792,NEW YORK
272929,RICHMOND/NORFOLK
273081,NEW YORK
273091,CHICAGO
273220,SEATTLE/TACOMA
273257,"WASHINGTON, DC"
273366,NEW YORK
273421,ROANOKE
273702,"DALLAS, TX"
273720,SAN DIEGO
273735,KNOXVILLE
273806,NEW YORK
273920,ST. LOUIS
273979,HOUSTON
273986,PHILADELPHIA
274024,SACRAMENTO
274092,KANSAS CITY
274114,RALEIGH/DURHAM
274125,NEW YORK
274134,SEATTLE/TACOMA
274204,SACRAMENTO
274215,"PHOENIX, AZ"
274219,"PHOENIX, AZ"
274250,RICHMOND/NORFOLK
274424,LOS ANGELES
274425,MISSISSIPPI
274459,KNOXVILLE
274473,ATLANTA
274542,NEW YORK
274569,SAN FRANCISCO
274671,NEW ENGLAND
274719,ROANOKE
274897,PHILADELPHIA
275047,NEW YORK
275072,"WASHINGTON, DC"
275702,MILWAUKEE
275717,SAN DIEGO
275946,LOS ANGELES
276217,TOLEDO
276392,GRAND RAPIDS
276442,SOUTH CAROLINA
276501,NEW YORK
276576,OMAHA
276578,DETROIT
276604,SACRAMENTO
276714,INDIANAPOLIS
276837,"PHOENIX, AZ"
276893,"PHOENIX, AZ"
276952,"WASHINGTON, DC"
277002,LOS ANGELES
277073,OMAHA
277222,"DALLAS, TX"
277242,PHILADELPHIA
277264,RICHMOND/NORFOLK
277492,WEST TEX/NEW MEX
277620,NEW ENGLAND
277691,SACRAMENTO
277743,SACRAMENTO
277938,LOS ANGELES
277960,"WASHINGTON, DC"
278063,SAN FRANCISCO
278194,"PORTLAND,OR"
278350,"PHOENIX, AZ"
278354,"DALLAS, TX"
278355,LOS ANGELES
278415,SEATTLE/TACOMA
278515,NEW YORK
278571,GRAND RAPIDS
278609,SAN FRANCISCO
278613,"PHOENIX, AZ"
278619,SAN FRANCISCO
278625,HARRISBURG/SCRANT
278650,ATLANTA
278667,OMAHA
278826,HOUSTON
278832,MILWAUKEE
279219,SYRACUSE
279229,"DALLAS, TX"
279300,ST. LOUIS
279373,NEW YORK
279398,DES MOINES
279425,LOS ANGELES
279429,NEW YORK
279568,NEW YORK
279714,MINNEAPOLIS/ST. PAUL
279754,DETROIT
280286,NEW ENGLAND
280314,WEST TEX/NEW MEX
280386,SAN FRANCISCO
280487,CLEVELAND
280850,"PHOENIX, AZ"
280880,SOUTH CAROLINA
280950,HOUSTON
281045,INDIANAPOLIS
281109,"PORTLAND,OR"
281329,CHARLOTTE
281486,NEW YORK
281536,HARRISBURG/SCRANT
281543,"WASHINGTON, DC"
281761,LOS ANGELES
282062,HOUSTON
282379,LOS ANGELES
282513,"WASHINGTON, DC"
282527,NEW ENGLAND
282571,CHICAGO
282948,NEW YORK
283050,"PORTLAND,OR"
283097,GRAND RAPIDS
283425,"WASHINGTON, DC"
283432,NEW ENGLAND
283639,BUFFALO/ROCHESTER
283781,SALT LAKE CITY
283900,DETROIT
284045,"PORTLAND,OR"
284049,HOUSTON
284189,PHILADELPHIA
284325,"PORTLAND,OR"
284489,KNOXVILLE
284497,SEATTLE/TACOMA
284586,BOSTON
284705,LOS ANGELES
284850,SYRACUSE
284933,PHILADELPHIA
284950,GRAND RAPIDS
285022,RICHMOND/NORFOLK
285252,WEST TEX/NEW MEX
285427,RALEIGH/DURHAM
285430,MINNEAPOLIS/ST. PAUL
285608,SAN DIEGO
285895,ATLANTA
285993,SAN DIEGO
286123,ST. LOUIS
286138,"PHOENIX, AZ"
286151,KNOXVILLE
286394,LOS ANGELES
286395,ROANOKE
286540,NEW YORK
286605,"WASHINGTON, DC"
286680,SAN FRANCISCO
286723,"PHOENIX, AZ"
286783,SAN FRANCISCO
286851,HARTFORD
286921,BUFFALO/ROCHESTER
286934,"WASHINGTON, DC"
286951,NEW YORK
287014,CHARLOTTE
287086,KANSAS CITY
287156,LOS ANGELES
287157,HARTFORD
287175,ST. LOUIS
287183,MILWAUKEE
287207,OMAHA
287236,INDIANAPOLIS
287280,BOSTON
287445,RICHMOND/NORFOLK
287500,SOUTH CAROLINA
287510,"WASHINGTON, DC"
287897,"PORTLAND,OR"
287947,HARTFORD
287980,KANSAS CITY
288056,"PHOENIX, AZ"
288066,NEW YORK
288075,SAN DIEGO
288167,"PHOENIX, AZ"
288211,NEW YORK
288222,SACRAMENTO
288423,"WASHINGTON, DC"
288489,CLEVELAND
288785,HOUSTON
288855,RICHMOND/NORFOLK
288949,OMAHA
289194,"DALLAS, TX"
289584,LOS ANGELES
289660,NEW YORK
289821,"PORTLAND,OR"
289854,"WASHINGTON, DC"
290053,LOS ANGELES
290477,"PHOENIX, AZ"
290528,RALEIGH/DURHAM
290625,SACRAMENTO
290750,SYRACUSE
290929,SAN FRANCISCO
290942,"PHOENIX, AZ"
290949,SAN FRANCISCO
290963,ROANOKE
291169,SAN FRANCISCO
291276,ST. LOUIS
291277,HOUSTON
291349,SAN DIEGO
291654,"PORTLAND,OR"
291741,"WASHINGTON, DC"
291792,"PHOENIX, AZ"
291872,NEW YORK
291900,"WASHINGTON, DC"
292072,"PROVIDENCE,RI"
292173,CLEVELAND
292379,KNOXVILLE
292476,LOS ANGELES
292513,ROANOKE
292593,BOSTON
292624,LOS ANGELES
292788,"WASHINGTON, DC"
292921,CHARLOTTE
293063,SACRAMENTO
293225,HOUSTON
293283,NEW YORK
293331,"WASHINGTON, DC"
293336,MILWAUKEE
293375,RALEIGH/DURHAM
293829,NEW YORK
293843,GRAND RAPIDS
293894,LOS ANGELES
294026,"PHOENIX, AZ"
294045,"WASHINGTON, DC"
294146,"WASHINGTON, DC"
294261,KANSAS CITY
294431,ATLANTA
294613,RICHMOND/NORFOLK
294648,SOUTH CAROLINA
294786,"WASHINGTON, DC"
294818,BIRMINGHAM/MONTG.
295127,LOS ANGELES
400003,ST. LOUIS
400075,"DALLAS, TX"
410992,SOUTH CAROLINA
411950,SOUTH CAROLINA
411973,RICHMOND/NORFOLK
412450,ST. LOUIS
412498,HOUSTON
414554,RALEIGH/DURHAM
414567,"WASHINGTON, DC"
414907,LOS ANGELES
415288,SAN DIEGO
415416,"WASHINGTON, DC"
451327,"DALLAS, TX"
452539,KANSAS CITY
453618,PEORIA/SPRINGFLD.
454546,"DALLAS, TX"
454632,SACRAMENTO
454649,WEST TEX/NEW MEX
532600,HARRISBURG/SCRANT
532639,ST. LOUIS
532670,"PHOENIX, AZ"
532676,BUFFALO/ROCHESTER
532824,"PROVIDENCE,RI"
532828,BUFFALO/ROCHESTER
532840,BUFFALO/ROCHESTER
532874,LOS ANGELES
532878,LOS ANGELES
532931,NEW YORK
533038,"DALLAS, TX"
533067,"PHOENIX, AZ"
533075,INDIANAPOLIS
533129,NEW ENGLAND
533341,CHARLOTTE
533356,DES MOINES
533433,SACRAMENTO
533482,"NEW ORLEANS, LA"
533844,SOUTH CAROLINA
533862,KANSAS CITY
534020,MISSISSIPPI
534239,HARTFORD
534425,KANSAS CITY
534466,CHARLOTTE
534468,RALEIGH/DURHAM
534473,SOUTH CAROLINA
534674,CHARLOTTE
534995,"PORTLAND,OR"
534999,SOUTH CAROLINA
535065,NEW YORK
535091,SAN FRANCISCO
535279,LOS ANGELES
535326,"PHOENIX, AZ"
535328,"PHOENIX, AZ"
535359,KANSAS CITY
535552,SPOKANE
535644,SEATTLE/TACOMA
535679,SAN FRANCISCO
535728,"PHOENIX, AZ"
535806,MISSISSIPPI
535857,HOUSTON
535947,ATLANTA
536006,KNOXVILLE
536021,"NEW ORLEANS, LA"
536067,NEW YORK
536182,KANSAS CITY
536278,"WASHINGTON, DC"
536525,HOUSTON
536529,DES MOINES
537040,GRAND RAPIDS
620416,"WASHINGTON, DC"
635455,SAN DIEGO
641757,WEST TEX/NEW MEX
642122,INDIANAPOLIS
642126,BOSTON
642757,NEW YORK
642902,HARTFORD
643077,BOSTON
643191,SAN FRANCISCO
643302,SAN DIEGO
643630,LOS ANGELES
643793,SOUTH CAROLINA
644347,BIRMINGHAM/MONTG.
644730,PEORIA/SPRINGFLD.
644731,"WASHINGTON, DC"
645007,RALEIGH/DURHAM
645028,"PROVIDENCE,RI"
645054,RALEIGH/DURHAM
645063,BOSTON
645325,LOS ANGELES
645385,"PORTLAND,OR"
645430,"NEW ORLEANS, LA"
645501,ATLANTA
645502,ATLANTA
645511,KANSAS CITY
645514,NEW YORK
646857,TOLEDO
647426,HOUSTON
647512,INDIANAPOLIS
647769,SACRAMENTO
647779,BIRMINGHAM/MONTG.
647832,ATLANTA
647836,ATLANTA
647840,ATLANTA
647895,NEW ENGLAND
647906,BUFFALO/ROCHESTER
648019,"PHOENIX, AZ"
648091,SOUTH CAROLINA
648109,ATLANTA
648174,SAN FRANCISCO
648212,"WASHINGTON, DC"
648235,DETROIT
648236,INDIANAPOLIS
648240,"DALLAS, TX"
648245,HARRISBURG/SCRANT
648368,ST. LOUIS
648374,"WASHINGTON, DC"
648458,TOLEDO
648459,TOLEDO
648547,OMAHA
648567,INDIANAPOLIS
648570,HOUSTON
648604,HARRISBURG/SCRANT
648606,PHILADELPHIA
648713,BIRMINGHAM/MONTG.
648719,LOS ANGELES
648761,"PHOENIX, AZ"
648764,PITTSFIELD
648768,ATLANTA
648850,LOS ANGELES
648851,ST. LOUIS
648852,SAN DIEGO
649145,"WASHINGTON, DC"
649190,"PROVIDENCE,RI"
649201,SAN DIEGO
649378,MISSISSIPPI
649405,MINNEAPOLIS/ST. PAUL
649460,ATLANTA
649471,RALEIGH/DURHAM
649502,KANSAS CITY
650504,ATLANTA
650517,TOLEDO
650536,MINNEAPOLIS/ST. PAUL
650555,HARRISBURG/SCRANT
650557,CHARLOTTE
650569,CHARLOTTE
650725,"WASHINGTON, DC"
650756,CHARLOTTE
650811,"PROVIDENCE,RI"
650825,ROANOKE
650827,SOUTH CAROLINA
650878,"PHOENIX, AZ"
651054,"WASHINGTON, DC"
651062,BOSTON
651389,INDIANAPOLIS
651403,BOSTON
651411,"NEW ORLEANS, LA"
651520,SOUTH CAROLINA
651547,INDIANAPOLIS
651548,INDIANAPOLIS
651600,OMAHA
651747,SPOKANE
651819,NEW YORK
652135,"PROVIDENCE,RI"
652139,SOUTH CAROLINA
652159,PITTSFIELD
652242,PHILADELPHIA
652243,"WASHINGTON, DC"
652317,"DALLAS, TX"
652646,SAN DIEGO
652727,"NEW ORLEANS, LA"
652877,DES MOINES
652886,"DALLAS, TX"
652906,"PHOENIX, AZ"
652916,SEATTLE/TACOMA
653051,HARTFORD
653057,PEORIA/SPRINGFLD.
653366,ROANOKE
653369,ATLANTA
653776,EAU CLAIRE
653899,LOS ANGELES
653956,SOUTH CAROLINA
654104,SEATTLE/TACOMA
654142,"WASHINGTON, DC"
654145,KANSAS CITY
654213,INDIANAPOLIS
654275,SOUTH CAROLINA
654336,SAN DIEGO
654486,PHILADELPHIA
654746,"DALLAS, TX"
654982,ATLANTA
655063,RALEIGH/DURHAM
655116,NEW YORK
655160,SOUTH CAROLINA
655563,PHILADELPHIA
655638,INDIANAPOLIS
655848,LOS ANGELES
655950,SEATTLE/TACOMA
656089,"PHOENIX, AZ"
656426,LOS ANGELES
656444,SEATTLE/TACOMA
656445,"PORTLAND,OR"
656534,RALEIGH/DURHAM
656535,RALEIGH/DURHAM
656774,CHICAGO
656818,BOSTON
656987,OMAHA
657010,HARTFORD
657280,OMAHA
657577,HARRISBURG/SCRANT
657831,NEW ENGLAND
657857,"TULSA,OK"
657979,BOSTON
658209,BIRMINGHAM/MONTG.
658210,SAN DIEGO
658219,"WASHINGTON, DC"
658239,PHILADELPHIA
658241,DETROIT
658246,BUFFALO/ROCHESTER
658361,BIRMINGHAM/MONTG.
658459,HARRISBURG/SCRANT
659263,HARRISBURG/SCRANT
659361,HOUSTON
659622,PHILADELPHIA
659632,HARRISBURG/SCRANT
659902,SEATTLE/TACOMA
660222,LOS ANGELES
661566,KNOXVILLE
661692,"DALLAS, TX"
668870,NEW ENGLAND
668871,BOSTON
668889,HARTFORD
668927,NEW YORK
668928,NEW YORK
669946,GREEN BAY
670297,SOUTH CAROLINA
670821,PHILADELPHIA
670838,NEW YORK
670858,LOS ANGELES
670866,CHICAGO
670891,"DALLAS, TX"
671367,PHILADELPHIA
671371,HARTFORD
671426,PEORIA/SPRINGFLD.
671543,SAN DIEGO
671555,SOUTH CAROLINA
672605,RICHMOND/NORFOLK
672957,KNOXVILLE
672962,RALEIGH/DURHAM
673051,BIRMINGHAM/MONTG.
673085,"WASHINGTON, DC"
673176,SALT LAKE CITY
673321,SOUTH CAROLINA
673333,SAN DIEGO
673341,LOS ANGELES
673415,NEW YORK
673435,"WASHINGTON, DC"
675229,"PHOENIX, AZ"
675434,PHILADELPHIA
675478,NEW YORK
675679,RALEIGH/DURHAM
679716,LOS ANGELES
680563,DETROIT
680574,HARTFORD
680581,"DALLAS, TX"
680627,WEST TEX/NEW MEX
680719,"PORTLAND,OR"
680725,NEW YORK
680784,HOUSTON
681055,BOSTON
681074,SACRAMENTO
681475,CHARLOTTE
681504,HARRISBURG/SCRANT
681505,BUFFALO/ROCHESTER
681625,BOSTON
681657,BOSTON
681735,MISSISSIPPI
681747,NEW YORK
681817,LOS ANGELES
681879,KNOXVILLE
683960,ATLANTA
683972,LOS ANGELES
684023,NEW YORK
684024,"NEW ORLEANS, LA"
684238,ROANOKE
684536,ROANOKE
684796,CHICAGO
684803,NEW YORK
684818,PHILADELPHIA
685797,ATLANTA
686009,BIRMINGHAM/MONTG.
686034,HARRISBURG/SCRANT
686689,BOSTON
687183,"PHOENIX, AZ"
687366,KANSAS CITY
687439,ST. LOUIS
687538,"WASHINGTON, DC"
687731,"DALLAS, TX"
687960,SOUTH CAROLINA
688215,LOS ANGELES
688268,ATLANTA
688270,BIRMINGHAM/MONTG.
688289,WEST TEX/NEW MEX
688321,NEW YORK
688349,"PORTLAND,OR"
688412,ROANOKE
688554,SAN DIEGO
688571,NEW YORK
688612,TOLEDO
688857,"WASHINGTON, DC"
688984,NEW ENGLAND
689001,PHILADELPHIA
689010,INDIANAPOLIS
689038,CHARLOTTE
689415,BUFFALO/ROCHESTER
689780,RALEIGH/DURHAM
689933,CHICAGO
689934,DETROIT
689938,CHARLOTTE
689970,PHILADELPHIA
930907,HARTFORD
930948,"WASHINGTON, DC"
930982,HOUSTON
931001,NEW YORK
931103,NEW YORK
931120,"WASHINGTON, DC"
931140,PHILADELPHIA
931371,SACRAMENTO
931407,"WASHINGTON, DC"
931548,"PORTLAND,OR"
931558,HOUSTON
931768,"PHOENIX, AZ"
931812,"DALLAS, TX"
931863,RALEIGH/DURHAM
932177,LOS ANGELES
932209,NEW ENGLAND
932399,SOUTH CAROLINA
932413,NEW YORK
932421,ROANOKE
932432,INDIANAPOLIS
932481,HARRISBURG/SCRANT
932539,"WASHINGTON, DC"
932600,GRAND RAPIDS
932841,CHICAGO
932877,SOUTH CAROLINA
933194,LOS ANGELES
933195,"PHOENIX, AZ"
933335,HOUSTON
933690,BOSTON
933721,CHARLOTTE
933727,RALEIGH/DURHAM
933732,BUFFALO/ROCHESTER
933787,"DALLAS, TX"
933808,HOUSTON
933864,NEW YORK
933870,"DALLAS, TX"
933891,KNOXVILLE
934038,"DALLAS, TX"
934088,ATLANTA
934089,SAN FRANCISCO
934189,PHILADELPHIA
934380,CHICAGO
934382,DETROIT
934439,RALEIGH/DURHAM
934474,LOS ANGELES
935027,SACRAMENTO
935029,"WASHINGTON, DC"
935046,HARRISBURG/SCRANT
1073516,RALEIGH/DURHAM
1073521,SYRACUSE
1073617,"PHOENIX, AZ"
1073623,SYRACUSE
1076556,HARRISBURG/SCRANT
1078045,"WASHINGTON, DC"
1078106,RICHMOND/NORFOLK
1078107,RICHMOND/NORFOLK
1079543,CHICAGO
1080444,SEATTLE/TACOMA
1081323,RALEIGH/DURHAM
1081324,SYRACUSE
1081363,NEW YORK
1082031,MINNEAPOLIS/ST. PAUL
1082463,"PORTLAND,OR"
1082782,PHILADELPHIA
1083238,SALT LAKE CITY
1083246,"PHOENIX, AZ"
1083255,SPOKANE
1085053,EAU CLAIRE
1086008,PHILADELPHIA
1086137,"PORTLAND,OR"
1087926,SOUTH CAROLINA
1087982,NEW ENGLAND
1089353,CHICAGO
1089379,NEW YORK
1089689,"PROVIDENCE,RI"
1089691,NEW YORK
1089692,NEW YORK
1091860,MINNEAPOLIS/ST. PAUL
1093331,BOSTON
1093338,NEW YORK
1097101,SACRAMENTO
1104265,"PHOENIX, AZ"
1104266,SEATTLE/TACOMA
1104358,PHILADELPHIA
1104418,HOUSTON
1107016,CHARLOTTE
1107101,CHICAGO
1107104,NEW YORK
1107157,"WASHINGTON, DC"
1108195,CHARLOTTE
1108292,PHILADELPHIA
1108303,SOUTH CAROLINA
1108313,OMAHA
1108362,CHICAGO
1108390,NEW YORK
1108436,NEW YORK
1108996,HARTFORD
1109318,KNOXVILLE
1109322,SACRAMENTO
1109687,BOSTON
1112518,"WASHINGTON, DC"
1112550,MISSISSIPPI
1112986,RALEIGH/DURHAM
1113050,"PROVIDENCE,RI"
1114006,"WASHINGTON, DC"
1114830,SOUTH CAROLINA
1116183,MINNEAPOLIS/ST. PAUL
1116187,HARRISBURG/SCRANT
1116263,"WASHINGTON, DC"
1116285,NEW ENGLAND
1123468,CHICAGO
1124493,SYRACUSE
1128762,NEW ENGLAND
1129089,SYRACUSE
1130089,CHICAGO
1130099,CHICAGO
1130105,CHICAGO
1130111,CHICAGO
1130121,CHICAGO
1130122,PEORIA/SPRINGFLD.
1130134,CHICAGO
1130152,CHICAGO
1130154,CHICAGO
1130155,CHICAGO
1130156,CHICAGO
1130174,CHICAGO
1130208,CHICAGO
1130219,CHICAGO
1130223,CHICAGO
1130231,CHICAGO
1130250,CHICAGO
1130281,PEORIA/SPRINGFLD.
1130572,MINNEAPOLIS/ST. PAUL
1131906,KANSAS CITY
1131920,RALEIGH/DURHAM
1131924,ST. LOUIS
1133247,HARRISBURG/SCRANT
1133320,SOUTH CAROLINA
1133390,TOLEDO
1133995,SAN FRANCISCO
1134176,RICHMOND/NORFOLK
1136655,"WASHINGTON, DC"
1178328,SOUTH CAROLINA
1178375,BIRMINGHAM/MONTG.
1181781,GRAND RAPIDS
1185248,RALEIGH/DURHAM
1185357,SOUTH CAROLINA
1188272,"DALLAS, TX"
1195062,KANSAS CITY
6001031,PEORIA/SPRINGFLD.
6001816,SOUTH CAROLINA
6001821,ST. LOUIS
6003363,HARTFORD
6004169,SYRACUSE
8001802,"WASHINGTON, DC"
8018698,BIRMINGHAM/MONTG.
